"tuning","T_sample","method","n_cells","avg_rank_frob","n_ranked_frob","avg_rank_rmfe","n_ranked_rmfe","avg_rank_hamming","n_ranked_hamming","avg_rank_F1","n_ranked_F1","avg_rank_off_hamming","n_ranked_off_hamming","avg_rank_off_F1","n_ranked_off_F1"
"theory",100,"L",18,1.83333333333333,18,1.55555555555556,18,5.58333333333333,18,3.58333333333333,18,5.58333333333333,18,2.97222222222222,18
"theory",100,"L-Th",18,4.16666666666667,18,6.77777777777778,18,3.72222222222222,18,5.44444444444444,18,3.72222222222222,18,6.61111111111111,18
"theory",100,"L-Ref",18,6.11111111111111,18,5.61111111111111,18,5.58333333333333,18,3.58333333333333,18,5.58333333333333,18,2.97222222222222,18
"theory",100,"L-Rlx",18,2.55555555555556,18,1.83333333333333,18,5.58333333333333,18,3.58333333333333,18,5.58333333333333,18,2.97222222222222,18
"theory",100,"L-Des",18,9.11111111111111,18,8.86111111111111,18,10.5,18,8.38888888888889,18,10.5,18,5.33333333333333,18
"theory",100,"A",18,7.08333333333333,18,7.19444444444444,18,5.52777777777778,18,7.52777777777778,18,5.52777777777778,18,8.80555555555556,18
"theory",100,"A-Th",18,7.97222222222222,18,8.02777777777778,18,6.08333333333333,18,8.08333333333333,18,6.08333333333333,18,9.75,18
"theory",100,"A-Ref",18,8.27777777777778,18,7.77777777777778,18,5.52777777777778,18,7.52777777777778,18,5.52777777777778,18,8.80555555555556,18
"theory",100,"A-Rlx",18,6.44444444444444,18,5.88888888888889,18,5.52777777777778,18,7.52777777777778,18,5.52777777777778,18,8.80555555555556,18
"theory",100,"A-Des",18,9,18,8.80555555555556,18,10.5,18,8.38888888888889,18,10.5,18,5.33333333333333,18
"theory",100,"ScL",18,3.44444444444444,18,3.66666666666667,18,1.86111111111111,18,2.36111111111111,18,1.86111111111111,18,3.63888888888889,18
"theory",200,"L",18,2.16666666666667,18,2.22222222222222,18,5.36111111111111,18,3.77777777777778,18,5.36111111111111,18,3.55555555555556,18
"theory",200,"L-Th",18,4.77777777777778,18,5.33333333333333,18,2.86111111111111,18,4.47222222222222,18,2.86111111111111,18,4.69444444444444,18
"theory",200,"L-Ref",18,3.83333333333333,18,3.22222222222222,18,5.36111111111111,18,3.77777777777778,18,5.36111111111111,18,3.55555555555556,18
"theory",200,"L-Rlx",18,1.66666666666667,18,1.55555555555556,18,5.36111111111111,18,3.77777777777778,18,5.36111111111111,18,3.55555555555556,18
"theory",200,"L-Des",18,7.55555555555556,18,7.08333333333333,18,10.5,18,8.66666666666667,18,10.5,18,6.66666666666667,18
"theory",200,"A",18,8.72222222222222,18,9.08333333333333,18,5.77777777777778,18,7.38888888888889,18,5.77777777777778,18,8.44444444444444,18
"theory",200,"A-Th",18,9.72222222222222,18,10.1388888888889,18,6.72222222222222,18,8.41666666666667,18,6.72222222222222,18,9.69444444444444,18
"theory",200,"A-Ref",18,8.16666666666667,18,8.11111111111111,18,5.77777777777778,18,7.38888888888889,18,5.77777777777778,18,8.44444444444444,18
"theory",200,"A-Rlx",18,7.44444444444444,18,7.61111111111111,18,5.77777777777778,18,7.38888888888889,18,5.77777777777778,18,8.44444444444444,18
"theory",200,"A-Des",18,7.66666666666667,18,7.13888888888889,18,10.5,18,8.66666666666667,18,10.5,18,6.66666666666667,18
"theory",200,"ScL",18,4.27777777777778,18,4.5,18,2,18,2.27777777777778,18,2,18,2.27777777777778,18
"theory",300,"L",18,2.33333333333333,18,2.5,18,5.58333333333333,18,3.94444444444444,18,5.58333333333333,18,3.94444444444444,18
"theory",300,"L-Th",18,4.83333333333333,18,5.72222222222222,18,2.69444444444444,18,4.33333333333333,18,2.69444444444444,18,4.33333333333333,18
"theory",300,"L-Ref",18,3.38888888888889,18,3.11111111111111,18,5.58333333333333,18,3.94444444444444,18,5.58333333333333,18,3.94444444444444,18
"theory",300,"L-Rlx",18,1.55555555555556,18,1.33333333333333,18,5.58333333333333,18,3.94444444444444,18,5.58333333333333,18,3.94444444444444,18
"theory",300,"L-Des",18,6.52777777777778,18,5.86111111111111,18,10.5,18,9.05555555555556,18,10.5,18,7.05555555555556,18
"theory",300,"A",18,9.25,18,9.72222222222222,18,5.58333333333333,18,7,18,5.58333333333333,18,8,18
"theory",300,"A-Th",18,10.25,18,10.6666666666667,18,6.72222222222222,18,8.5,18,6.72222222222222,18,9.5,18
"theory",300,"A-Ref",18,8.33333333333333,18,8.05555555555556,18,5.58333333333333,18,7,18,5.58333333333333,18,8,18
"theory",300,"A-Rlx",18,8.11111111111111,18,8.16666666666667,18,5.58333333333333,18,7,18,5.58333333333333,18,8,18
"theory",300,"A-Des",18,6.69444444444444,18,5.91666666666667,18,10.5,18,9.05555555555556,18,10.5,18,7.05555555555556,18
"theory",300,"ScL",18,4.72222222222222,18,4.94444444444444,18,2.08333333333333,18,2.22222222222222,18,2.08333333333333,18,2.22222222222222,18
"theory",500,"L",18,2.61111111111111,18,2.66666666666667,18,5.72222222222222,18,4.55555555555556,18,5.72222222222222,18,4.5,18
"theory",500,"L-Th",18,4.77777777777778,18,5,18,2.58333333333333,18,2.97222222222222,18,2.58333333333333,18,2.97222222222222,18
"theory",500,"L-Ref",18,3,18,3.22222222222222,18,5.72222222222222,18,4.55555555555556,18,5.72222222222222,18,4.5,18
"theory",500,"L-Rlx",18,1.66666666666667,18,1.38888888888889,18,5.72222222222222,18,4.55555555555556,18,5.72222222222222,18,4.5,18
"theory",500,"L-Des",18,6.08333333333333,18,5.86111111111111,18,10.5,18,9.16666666666667,18,10.5,18,7.38888888888889,18
"theory",500,"A",18,9.91666666666667,18,9.86111111111111,18,5.36111111111111,18,6.77777777777778,18,5.36111111111111,18,7.66666666666667,18
"theory",500,"A-Th",18,10.8055555555556,18,10.75,18,6.88888888888889,18,8.41666666666667,18,6.88888888888889,18,9.47222222222222,18
"theory",500,"A-Ref",18,7.5,18,7.66666666666667,18,5.36111111111111,18,6.77777777777778,18,5.36111111111111,18,7.66666666666667,18
"theory",500,"A-Rlx",18,8.5,18,8.55555555555556,18,5.36111111111111,18,6.77777777777778,18,5.36111111111111,18,7.66666666666667,18
"theory",500,"A-Des",18,5.91666666666667,18,5.80555555555556,18,10.5,18,9.16666666666667,18,10.5,18,7.38888888888889,18
"theory",500,"ScL",18,5.22222222222222,18,5.22222222222222,18,2.27777777777778,18,2.27777777777778,18,2.27777777777778,18,2.27777777777778,18
"theory",1000,"L",18,3.11111111111111,18,3.05555555555556,18,6.25,18,4.88888888888889,18,6.25,18,4.88888888888889,18
"theory",1000,"L-Th",18,3.66666666666667,18,4.05555555555556,18,2.08333333333333,18,2.30555555555556,18,2.08333333333333,18,2.30555555555556,18
"theory",1000,"L-Ref",18,3.22222222222222,18,3.22222222222222,18,6.25,18,4.88888888888889,18,6.25,18,4.88888888888889,18
"theory",1000,"L-Rlx",18,1.83333333333333,18,1.83333333333333,18,6.25,18,4.88888888888889,18,6.25,18,4.88888888888889,18
"theory",1000,"L-Des",18,6.13888888888889,18,5.86111111111111,18,10.5,18,9.44444444444444,18,10.5,18,8.83333333333333,18
"theory",1000,"A",18,9.88888888888889,18,10.0277777777778,18,4.88888888888889,18,6.41666666666667,18,4.88888888888889,18,6.52777777777778,18
"theory",1000,"A-Th",18,10.6666666666667,18,10.75,18,6.77777777777778,18,8.16666666666667,18,6.77777777777778,18,9.05555555555556,18
"theory",1000,"A-Ref",18,7.05555555555556,18,6.66666666666667,18,4.88888888888889,18,6.41666666666667,18,4.88888888888889,18,6.52777777777778,18
"theory",1000,"A-Rlx",18,8.44444444444444,18,8.83333333333333,18,4.88888888888889,18,6.41666666666667,18,4.88888888888889,18,6.52777777777778,18
"theory",1000,"A-Des",18,6.19444444444444,18,5.80555555555556,18,10.5,18,9.44444444444444,18,10.5,18,8.83333333333333,18
"theory",1000,"ScL",18,5.77777777777778,18,5.88888888888889,18,2.72222222222222,18,2.72222222222222,18,2.72222222222222,18,2.72222222222222,18
"theory",2000,"L",18,3.55555555555556,18,3.55555555555556,18,7.05555555555556,18,6.55555555555556,18,7.05555555555556,18,6.55555555555556,18
"theory",2000,"L-Th",18,3.11111111111111,18,3.66666666666667,18,1.72222222222222,18,2,18,1.72222222222222,18,2,18
"theory",2000,"L-Ref",18,3.22222222222222,18,3.44444444444444,18,7.05555555555556,18,6.55555555555556,18,7.05555555555556,18,6.55555555555556,18
"theory",2000,"L-Rlx",18,1.83333333333333,18,1.83333333333333,18,7.05555555555556,18,6.55555555555556,18,7.05555555555556,18,6.55555555555556,18
"theory",2000,"L-Des",18,6.41666666666667,18,5.88888888888889,18,10.5,18,9.72222222222222,18,10.5,18,9.66666666666667,18
"theory",2000,"A",18,9.97222222222222,18,10.1666666666667,18,4.38888888888889,18,4.75,18,4.38888888888889,18,4.75,18
"theory",2000,"A-Th",18,10.75,18,10.8333333333333,18,5.72222222222222,18,7.52777777777778,18,5.72222222222222,18,7.63888888888889,18
"theory",2000,"A-Ref",18,6.88888888888889,18,6.5,18,4.38888888888889,18,4.75,18,4.38888888888889,18,4.75,18
"theory",2000,"A-Rlx",18,8.44444444444444,18,8.5,18,4.38888888888889,18,4.75,18,4.38888888888889,18,4.75,18
"theory",2000,"A-Des",18,5.91666666666667,18,5.77777777777778,18,10.5,18,9.72222222222222,18,10.5,18,9.66666666666667,18
"theory",2000,"ScL",18,5.88888888888889,18,5.83333333333333,18,3.22222222222222,18,3.11111111111111,18,3.22222222222222,18,3.11111111111111,18
"cv",100,"L",18,1.94444444444444,18,1.66666666666667,18,6.94444444444444,18,6.11111111111111,18,6.94444444444444,18,5.66666666666667,18
"cv",100,"L-Th",18,6.16666666666667,18,8.05555555555556,18,5.61111111111111,18,7.61111111111111,18,5.61111111111111,18,8.55555555555556,18
"cv",100,"L-Ref",18,8.66666666666667,18,8.27777777777778,18,6.94444444444444,18,6.11111111111111,18,6.94444444444444,18,5.66666666666667,18
"cv",100,"L-Rlx",18,3.72222222222222,18,3.22222222222222,18,6.94444444444444,18,6.11111111111111,18,6.94444444444444,18,5.66666666666667,18
"cv",100,"L-Des",18,10.3888888888889,18,10.1944444444444,18,10.5,18,9.11111111111111,18,10.5,18,8.66666666666667,18
"cv",100,"A",18,3,18,2.69444444444444,18,4.13888888888889,18,4.30555555555556,18,4.13888888888889,18,4.22222222222222,18
"cv",100,"A-Th",18,3.72222222222222,18,3.63888888888889,18,4.02777777777778,18,5.41666666666667,18,4.02777777777778,18,5.27777777777778,18
"cv",100,"A-Ref",18,7.05555555555556,18,6.77777777777778,18,4.13888888888889,18,4.30555555555556,18,4.13888888888889,18,4.22222222222222,18
"cv",100,"A-Rlx",18,4.72222222222222,18,4.44444444444444,18,4.13888888888889,18,4.30555555555556,18,4.13888888888889,18,4.22222222222222,18
"cv",100,"A-Des",18,10.2777777777778,18,10.25,18,10.5,18,9.11111111111111,18,10.5,18,8.66666666666667,18
"cv",100,"ScL",18,6.33333333333333,18,6.77777777777778,18,2.11111111111111,18,3.5,18,2.11111111111111,18,5.16666666666667,18
"cv",200,"L",18,3.38888888888889,18,3.22222222222222,18,7.5,18,6.83333333333333,18,7.5,18,6.83333333333333,18
"cv",200,"L-Th",18,6.61111111111111,18,7.66666666666667,18,4.66666666666667,18,5.77777777777778,18,4.66666666666667,18,6.33333333333333,18
"cv",200,"L-Ref",18,8.05555555555556,18,7.66666666666667,18,7.5,18,6.83333333333333,18,7.5,18,6.83333333333333,18
"cv",200,"L-Rlx",18,4.55555555555556,18,4.38888888888889,18,7.5,18,6.83333333333333,18,7.5,18,6.83333333333333,18
"cv",200,"L-Des",18,10.3333333333333,18,10.0833333333333,18,10.5,18,10,18,10.5,18,9.55555555555556,18
"cv",200,"A",18,2.44444444444444,18,2.52777777777778,18,3.97222222222222,18,4.36111111111111,18,3.97222222222222,18,4.30555555555556,18
"cv",200,"A-Th",18,2.77777777777778,18,2.69444444444444,18,3.13888888888889,18,3.41666666666667,18,3.13888888888889,18,3.52777777777778,18
"cv",200,"A-Ref",18,6,18,5.61111111111111,18,3.97222222222222,18,4.36111111111111,18,3.97222222222222,18,4.30555555555556,18
"cv",200,"A-Rlx",18,3.72222222222222,18,3.44444444444444,18,3.97222222222222,18,4.36111111111111,18,3.97222222222222,18,4.30555555555556,18
"cv",200,"A-Des",18,10.3333333333333,18,10.1388888888889,18,10.5,18,10,18,10.5,18,9.55555555555556,18
"cv",200,"ScL",18,7.77777777777778,18,8.55555555555556,18,2.77777777777778,18,3.22222222222222,18,2.77777777777778,18,3.61111111111111,18
"cv",300,"L",18,3.88888888888889,18,4.11111111111111,18,7.75,18,7.27777777777778,18,7.75,18,7.16666666666667,18
"cv",300,"L-Th",18,6.33333333333333,18,7.44444444444444,18,3.80555555555556,18,4.38888888888889,18,3.80555555555556,18,5,18
"cv",300,"L-Ref",18,8,18,7.77777777777778,18,7.75,18,7.27777777777778,18,7.75,18,7.16666666666667,18
"cv",300,"L-Rlx",18,5.16666666666667,18,5,18,7.75,18,7.27777777777778,18,7.75,18,7.16666666666667,18
"cv",300,"L-Des",18,10.3611111111111,18,9.88888888888889,18,10.5,18,10.0555555555556,18,10.5,18,10.0555555555556,18
"cv",300,"A",18,2.38888888888889,18,1.91666666666667,18,4.08333333333333,18,4.41666666666667,18,4.08333333333333,18,4.30555555555556,18
"cv",300,"A-Th",18,2.5,18,2.30555555555556,18,3.25,18,3.5,18,3.25,18,3.38888888888889,18
"cv",300,"A-Ref",18,5.38888888888889,18,5.27777777777778,18,4.08333333333333,18,4.41666666666667,18,4.08333333333333,18,4.30555555555556,18
"cv",300,"A-Rlx",18,3.33333333333333,18,3.22222222222222,18,4.08333333333333,18,4.41666666666667,18,4.08333333333333,18,4.30555555555556,18
"cv",300,"A-Des",18,10.0833333333333,18,9.88888888888889,18,10.5,18,10.0555555555556,18,10.5,18,10.0555555555556,18
"cv",300,"ScL",18,8.55555555555556,18,9.16666666666667,18,2.44444444444444,18,2.91666666666667,18,2.44444444444444,18,3.08333333333333,18
"cv",500,"L",18,4.83333333333333,18,4.66666666666667,18,7.94444444444444,18,7.61111111111111,18,7.94444444444444,18,7.61111111111111,18
"cv",500,"L-Th",18,6.16666666666667,18,6.44444444444444,18,2.47222222222222,18,3,18,2.47222222222222,18,3.16666666666667,18
"cv",500,"L-Ref",18,7.94444444444444,18,8,18,7.94444444444444,18,7.61111111111111,18,7.94444444444444,18,7.61111111111111,18
"cv",500,"L-Rlx",18,5.55555555555556,18,5.72222222222222,18,7.94444444444444,18,7.61111111111111,18,7.94444444444444,18,7.61111111111111,18
"cv",500,"L-Des",18,10.2222222222222,18,9.88888888888889,18,10.5,18,10.4444444444444,18,10.5,18,10.3888888888889,18
"cv",500,"A",18,2.19444444444444,18,2,18,4.27777777777778,18,4.33333333333333,18,4.27777777777778,18,4.27777777777778,18
"cv",500,"A-Th",18,2.02777777777778,18,2.11111111111111,18,3.05555555555556,18,3.11111111111111,18,3.05555555555556,18,3.22222222222222,18
"cv",500,"A-Ref",18,4.61111111111111,18,4.44444444444444,18,4.27777777777778,18,4.33333333333333,18,4.27777777777778,18,4.27777777777778,18
"cv",500,"A-Rlx",18,3.05555555555556,18,3.33333333333333,18,4.27777777777778,18,4.33333333333333,18,4.27777777777778,18,4.27777777777778,18
"cv",500,"A-Des",18,10.1111111111111,18,9.88888888888889,18,10.5,18,10.4444444444444,18,10.5,18,10.3888888888889,18
"cv",500,"ScL",18,9.27777777777778,18,9.5,18,2.80555555555556,18,3.16666666666667,18,2.80555555555556,18,3.16666666666667,18
"cv",1000,"L",18,5.27777777777778,18,5.5,18,8,18,7.94444444444444,18,8,18,7.94444444444444,18
"cv",1000,"L-Th",18,5.5,18,5.72222222222222,18,1.86111111111111,18,2.02777777777778,18,1.86111111111111,18,2.02777777777778,18
"cv",1000,"L-Ref",18,8.05555555555556,18,7.55555555555556,18,8,18,7.94444444444444,18,8,18,7.94444444444444,18
"cv",1000,"L-Rlx",18,6.22222222222222,18,6.11111111111111,18,8,18,7.94444444444444,18,8,18,7.94444444444444,18
"cv",1000,"L-Des",18,10.0555555555556,18,9.63888888888889,18,10.5,18,10.5,18,10.5,18,10.5,18
"cv",1000,"A",18,2.22222222222222,18,2.41666666666667,18,4.25,18,4.25,18,4.25,18,4.25,18
"cv",1000,"A-Th",18,1.88888888888889,18,2.69444444444444,18,2.88888888888889,18,2.88888888888889,18,2.88888888888889,18,2.88888888888889,18
"cv",1000,"A-Ref",18,4.44444444444444,18,4.22222222222222,18,4.25,18,4.25,18,4.25,18,4.25,18
"cv",1000,"A-Rlx",18,2.72222222222222,18,2.88888888888889,18,4.25,18,4.25,18,4.25,18,4.25,18
"cv",1000,"A-Des",18,9.94444444444444,18,9.58333333333333,18,10.5,18,10.5,18,10.5,18,10.5,18
"cv",1000,"ScL",18,9.66666666666667,18,9.66666666666667,18,3.5,18,3.5,18,3.5,18,3.5,18
"cv",2000,"L",18,5.72222222222222,18,5.94444444444444,18,8,18,8,18,8,18,8,18
"cv",2000,"L-Th",18,4.83333333333333,18,5.27777777777778,18,1.91666666666667,18,1.91666666666667,18,1.91666666666667,18,1.91666666666667,18
"cv",2000,"L-Ref",18,8.11111111111111,18,8.16666666666667,18,8,18,8,18,8,18,8,18
"cv",2000,"L-Rlx",18,6.55555555555556,18,6.38888888888889,18,8,18,8,18,8,18,8,18
"cv",2000,"L-Des",18,10,18,9.94444444444444,18,10.5,18,10.5,18,10.5,18,10.5,18
"cv",2000,"A",18,2.27777777777778,18,2.27777777777778,18,3.69444444444444,18,3.69444444444444,18,3.69444444444444,18,3.69444444444444,18
"cv",2000,"A-Th",18,1.72222222222222,18,2.27777777777778,18,2.86111111111111,18,2.86111111111111,18,2.86111111111111,18,2.86111111111111,18
"cv",2000,"A-Ref",18,4.27777777777778,18,3.83333333333333,18,3.69444444444444,18,3.69444444444444,18,3.69444444444444,18,3.69444444444444,18
"cv",2000,"A-Rlx",18,2.61111111111111,18,2.22222222222222,18,3.69444444444444,18,3.69444444444444,18,3.69444444444444,18,3.69444444444444,18
"cv",2000,"A-Des",18,10.1111111111111,18,9.83333333333333,18,10.5,18,10.5,18,10.5,18,10.5,18
"cv",2000,"ScL",18,9.77777777777778,18,9.83333333333333,18,5.13888888888889,18,5.13888888888889,18,5.13888888888889,18,5.13888888888889,18
