"file","md5"
"00_config.R","ccf216641bbe273814111f1cc1e6bfe6"
"01_utils.R","a93f9efee2d9cf78d48fcc3071eedcba"
"02_dgp.R","fb3f581b70f64b4b5b4e5057423d8147"
"03_methods_metrics.R","0588be8dd11c318d33d81b90948b64b5"
"04_simulation.R","163bd340cd306388186621cb420b380e"
"05_summaries_ranks.R","37c24b501dea5147757c001e0e838142"
"INSTALL_VERIFY_sparseVAR_043.R","4e80211b5fb863f547495d92ddddd4da"
"run_all.R","e11894d9547cd6c48da5946d574df1ab"
"run_preflight_only.R","d6044b5efaa02aa827ae77b25e7305d3"
