"snr","tuning","d","method","n_cells","avg_rank_frob","avg_rank_rmfe","avg_rank_hamming","avg_rank_F1","avg_rank_off_hamming","avg_rank_off_F1"
1,"theory",5,"L",18,6,5.27777777777778,6.5,6.38888888888889,6.5,6.22222222222222
1,"theory",5,"L-Th",18,5,4.83333333333333,2.22222222222222,2.44444444444444,2.22222222222222,2.44444444444444
1,"theory",5,"L-Ref",18,2.61111111111111,2.83333333333333,6.5,6.38888888888889,6.5,6.22222222222222
1,"theory",5,"L-Rlx",18,1.61111111111111,2.55555555555556,6.5,6.38888888888889,6.5,6.22222222222222
1,"theory",5,"L-Des",18,5.66666666666667,5.77777777777778,10.5,9.88888888888889,10.5,9.5
1,"theory",5,"A",18,10.1666666666667,10.0555555555556,4.30555555555556,4.66666666666667,4.30555555555556,4.97222222222222
1,"theory",5,"A-Th",18,10.8333333333333,10.6111111111111,5.52777777777778,6,5.52777777777778,6.41666666666667
1,"theory",5,"A-Ref",18,5.05555555555556,5.94444444444444,4.30555555555556,4.66666666666667,4.30555555555556,4.97222222222222
1,"theory",5,"A-Rlx",18,8.83333333333333,8.16666666666667,4.30555555555556,4.66666666666667,4.30555555555556,4.97222222222222
1,"theory",5,"A-Des",18,5.55555555555556,5.44444444444444,10.5,9.88888888888889,10.5,9.5
1,"theory",5,"ScL",18,4.66666666666667,4.5,4.83333333333333,4.61111111111111,4.83333333333333,4.55555555555556
1,"theory",10,"L",18,4.11111111111111,3.94444444444444,6.08333333333333,5.83333333333333,6.08333333333333,5.66666666666667
1,"theory",10,"L-Th",18,4.44444444444444,5,2.19444444444444,2.25,2.19444444444444,2.63888888888889
1,"theory",10,"L-Ref",18,3.05555555555556,3,6.08333333333333,5.83333333333333,6.08333333333333,5.66666666666667
1,"theory",10,"L-Rlx",18,1.5,1.77777777777778,6.08333333333333,5.83333333333333,6.08333333333333,5.66666666666667
1,"theory",10,"L-Des",18,6.44444444444444,6.16666666666667,10.5,10,10.5,8.94444444444444
1,"theory",10,"A",18,10,10.0555555555556,4.77777777777778,5.25,4.77777777777778,5.69444444444444
1,"theory",10,"A-Th",18,10.8333333333333,10.8888888888889,6.41666666666667,6.83333333333333,6.41666666666667,7.72222222222222
1,"theory",10,"A-Ref",18,6.27777777777778,6.22222222222222,4.77777777777778,5.25,4.77777777777778,5.69444444444444
1,"theory",10,"A-Rlx",18,8.38888888888889,8.22222222222222,4.77777777777778,5.25,4.77777777777778,5.69444444444444
1,"theory",10,"A-Des",18,5.88888888888889,6.05555555555556,10.5,10,10.5,8.94444444444444
1,"theory",10,"ScL",18,5.05555555555556,4.66666666666667,3.80555555555556,3.66666666666667,3.80555555555556,3.66666666666667
1,"theory",15,"L",18,3.5,3.61111111111111,5.94444444444444,5.55555555555556,5.94444444444444,5.33333333333333
1,"theory",15,"L-Th",18,4.33333333333333,4.83333333333333,2.22222222222222,2.61111111111111,2.22222222222222,2.83333333333333
1,"theory",15,"L-Ref",18,2.88888888888889,2.77777777777778,5.94444444444444,5.55555555555556,5.94444444444444,5.33333333333333
1,"theory",15,"L-Rlx",18,1.44444444444444,1.38888888888889,5.94444444444444,5.55555555555556,5.94444444444444,5.33333333333333
1,"theory",15,"L-Des",18,7,6.55555555555556,10.5,9.94444444444444,10.5,8.72222222222222
1,"theory",15,"A",18,9.91666666666667,9.94444444444444,4.88888888888889,5.27777777777778,4.88888888888889,6
1,"theory",15,"A-Th",18,10.75,10.7222222222222,6.83333333333333,7.66666666666667,6.83333333333333,8.38888888888889
1,"theory",15,"A-Ref",18,6.22222222222222,6.27777777777778,4.88888888888889,5.27777777777778,4.88888888888889,6
1,"theory",15,"A-Rlx",18,8.27777777777778,8.5,4.88888888888889,5.27777777777778,4.88888888888889,6
1,"theory",15,"A-Des",18,6.22222222222222,6,10.5,9.94444444444444,10.5,8.72222222222222
1,"theory",15,"ScL",18,5.44444444444444,5.38888888888889,3.44444444444444,3.33333333333333,3.44444444444444,3.33333333333333
1,"theory",20,"L",18,3.5,3.83333333333333,5.55555555555556,4.77777777777778,5.55555555555556,4.77777777777778
1,"theory",20,"L-Th",18,4.88888888888889,5.38888888888889,2.22222222222222,2.83333333333333,2.22222222222222,2.94444444444444
1,"theory",20,"L-Ref",18,2,2.16666666666667,5.55555555555556,4.77777777777778,5.55555555555556,4.77777777777778
1,"theory",20,"L-Rlx",18,1.33333333333333,1.38888888888889,5.55555555555556,4.77777777777778,5.55555555555556,4.77777777777778
1,"theory",20,"L-Des",18,6.61111111111111,6.05555555555556,10.5,9.44444444444444,10.5,8.38888888888889
1,"theory",20,"A",18,9.61111111111111,9.91666666666667,5.33333333333333,6.27777777777778,5.33333333333333,6.72222222222222
1,"theory",20,"A-Th",18,10.5555555555556,10.75,7.44444444444444,8.55555555555556,7.44444444444444,9.22222222222222
1,"theory",20,"A-Ref",18,7.88888888888889,7.05555555555556,5.33333333333333,6.27777777777778,5.33333333333333,6.72222222222222
1,"theory",20,"A-Rlx",18,8.61111111111111,8.72222222222222,5.33333333333333,6.27777777777778,5.33333333333333,6.72222222222222
1,"theory",20,"A-Des",18,5.94444444444444,5.61111111111111,10.5,9.44444444444444,10.5,8.38888888888889
1,"theory",20,"ScL",18,5.05555555555556,5.11111111111111,2.66666666666667,2.55555555555556,2.66666666666667,2.55555555555556
1,"theory",25,"L",18,3.38888888888889,3.55555555555556,5.38888888888889,4.5,5.38888888888889,4.27777777777778
1,"theory",25,"L-Th",18,4.66666666666667,5.55555555555556,1.94444444444444,3.11111111111111,1.94444444444444,3.22222222222222
1,"theory",25,"L-Ref",18,2,2.16666666666667,5.38888888888889,4.5,5.38888888888889,4.27777777777778
1,"theory",25,"L-Rlx",18,1.27777777777778,1.33333333333333,5.38888888888889,4.5,5.38888888888889,4.27777777777778
1,"theory",25,"L-Des",18,6.61111111111111,6.22222222222222,10.5,9.22222222222222,10.5,8.11111111111111
1,"theory",25,"A",18,9.66666666666667,9.72222222222222,5.47222222222222,6.61111111111111,5.47222222222222,7.22222222222222
1,"theory",25,"A-Th",18,10.6111111111111,10.6666666666667,7.69444444444444,8.77777777777778,7.69444444444444,9.72222222222222
1,"theory",25,"A-Ref",18,8.16666666666667,7.83333333333333,5.47222222222222,6.61111111111111,5.47222222222222,7.22222222222222
1,"theory",25,"A-Rlx",18,8.44444444444444,8.55555555555556,5.47222222222222,6.61111111111111,5.47222222222222,7.22222222222222
1,"theory",25,"A-Des",18,6.05555555555556,5.33333333333333,10.5,9.22222222222222,10.5,8.11111111111111
1,"theory",25,"ScL",18,5.11111111111111,5.05555555555556,2.77777777777778,2.33333333333333,2.77777777777778,2.33333333333333
1,"theory",30,"L",18,3.22222222222222,3.5,5.55555555555556,4.22222222222222,5.55555555555556,4.22222222222222
1,"theory",30,"L-Th",18,4.66666666666667,5.11111111111111,2.16666666666667,3.22222222222222,2.16666666666667,3.33333333333333
1,"theory",30,"L-Ref",18,2.11111111111111,2.44444444444444,5.55555555555556,4.22222222222222,5.55555555555556,4.22222222222222
1,"theory",30,"L-Rlx",18,1.22222222222222,1.33333333333333,5.55555555555556,4.22222222222222,5.55555555555556,4.22222222222222
1,"theory",30,"L-Des",18,7.27777777777778,6.5,10.5,9,10.5,7.94444444444444
1,"theory",30,"A",18,9.11111111111111,9.69444444444444,5.38888888888889,6.88888888888889,5.38888888888889,7.33333333333333
1,"theory",30,"A-Th",18,10.3333333333333,10.6388888888889,7.38888888888889,8.94444444444444,7.38888888888889,9.61111111111111
1,"theory",30,"A-Ref",18,8.33333333333333,7.61111111111111,5.38888888888889,6.88888888888889,5.38888888888889,7.33333333333333
1,"theory",30,"A-Rlx",18,8.38888888888889,8.44444444444444,5.38888888888889,6.88888888888889,5.38888888888889,7.33333333333333
1,"theory",30,"A-Des",18,6.27777777777778,5.72222222222222,10.5,9,10.5,7.94444444444444
1,"theory",30,"ScL",18,5.05555555555556,5,2.61111111111111,2.5,2.61111111111111,2.5
1,"cv",5,"L",18,6.83333333333333,5.66666666666667,8,8,8,8
1,"cv",5,"L-Th",18,5.5,6.61111111111111,3.02777777777778,2.77777777777778,3.02777777777778,2.77777777777778
1,"cv",5,"L-Ref",18,7.94444444444444,7.55555555555556,8,8,8,8
1,"cv",5,"L-Rlx",18,5.55555555555556,4.88888888888889,8,8,8,8
1,"cv",5,"L-Des",18,10.5,9.61111111111111,10.5,10.5,10.5,10.5
1,"cv",5,"A",18,2.91666666666667,3.80555555555556,3.16666666666667,3.22222222222222,3.16666666666667,3.22222222222222
1,"cv",5,"A-Th",18,2.86111111111111,3.75,2.86111111111111,2.94444444444444,2.86111111111111,2.94444444444444
1,"cv",5,"A-Ref",18,2.88888888888889,3.38888888888889,3.16666666666667,3.22222222222222,3.16666666666667,3.22222222222222
1,"cv",5,"A-Rlx",18,2,2.77777777777778,3.16666666666667,3.22222222222222,3.16666666666667,3.22222222222222
1,"cv",5,"A-Des",18,9.72222222222222,9.5,10.5,10.5,10.5,10.5
1,"cv",5,"ScL",18,9.27777777777778,8.44444444444444,5.61111111111111,5.61111111111111,5.61111111111111,5.61111111111111
1,"cv",10,"L",18,5.77777777777778,5.55555555555556,8,8,8,8
1,"cv",10,"L-Th",18,5.11111111111111,5.11111111111111,2.30555555555556,2.47222222222222,2.30555555555556,2.47222222222222
1,"cv",10,"L-Ref",18,8.38888888888889,8.61111111111111,8,8,8,8
1,"cv",10,"L-Rlx",18,6.05555555555556,6.05555555555556,8,8,8,8
1,"cv",10,"L-Des",18,10.5,10.5,10.5,10.5,10.5,10.5
1,"cv",10,"A",18,2.83333333333333,2.69444444444444,3.47222222222222,3.52777777777778,3.47222222222222,3.52777777777778
1,"cv",10,"A-Th",18,2.5,2.86111111111111,2.83333333333333,2.55555555555556,2.83333333333333,2.55555555555556
1,"cv",10,"A-Ref",18,3.94444444444444,3.44444444444444,3.47222222222222,3.52777777777778,3.47222222222222,3.52777777777778
1,"cv",10,"A-Rlx",18,1.94444444444444,2.94444444444444,3.47222222222222,3.52777777777778,3.47222222222222,3.52777777777778
1,"cv",10,"A-Des",18,9.83333333333333,9.83333333333333,10.5,10.5,10.5,10.5
1,"cv",10,"ScL",18,9.11111111111111,8.38888888888889,5.44444444444444,5.38888888888889,5.44444444444444,5.38888888888889
1,"cv",15,"L",18,5.38888888888889,5.27777777777778,8,7.94444444444444,8,7.94444444444444
1,"cv",15,"L-Th",18,5.16666666666667,5.77777777777778,1.83333333333333,2.02777777777778,1.83333333333333,2.02777777777778
1,"cv",15,"L-Ref",18,8.61111111111111,8.55555555555556,8,7.94444444444444,8,7.94444444444444
1,"cv",15,"L-Rlx",18,6.11111111111111,6.38888888888889,8,7.94444444444444,8,7.94444444444444
1,"cv",15,"L-Des",18,10.6111111111111,10.6111111111111,10.5,10.5,10.5,10.5
1,"cv",15,"A",18,2.55555555555556,2.44444444444444,3.80555555555556,3.88888888888889,3.80555555555556,3.88888888888889
1,"cv",15,"A-Th",18,2,2.44444444444444,2.44444444444444,2.19444444444444,2.44444444444444,2.19444444444444
1,"cv",15,"A-Ref",18,4.5,3.72222222222222,3.80555555555556,3.88888888888889,3.80555555555556,3.88888888888889
1,"cv",15,"A-Rlx",18,2.44444444444444,2.16666666666667,3.80555555555556,3.88888888888889,3.80555555555556,3.88888888888889
1,"cv",15,"A-Des",18,9.72222222222222,9.72222222222222,10.5,10.5,10.5,10.5
1,"cv",15,"ScL",18,8.88888888888889,8.88888888888889,5.30555555555556,5.27777777777778,5.30555555555556,5.27777777777778
1,"cv",20,"L",18,4.88888888888889,4.94444444444444,8,7.91666666666667,8,7.88888888888889
1,"cv",20,"L-Th",18,5.16666666666667,5.88888888888889,1.61111111111111,2.19444444444444,1.61111111111111,2.44444444444444
1,"cv",20,"L-Ref",18,8.27777777777778,8.38888888888889,8,7.91666666666667,8,7.88888888888889
1,"cv",20,"L-Rlx",18,6.05555555555556,5.88888888888889,8,7.91666666666667,8,7.88888888888889
1,"cv",20,"L-Des",18,10.5555555555556,10.4444444444444,10.5,10.5,10.5,10.5
1,"cv",20,"A",18,2.58333333333333,2,4.08333333333333,3.97222222222222,4.08333333333333,3.80555555555556
1,"cv",20,"A-Th",18,2.19444444444444,2.44444444444444,2.30555555555556,2.36111111111111,2.30555555555556,2.47222222222222
1,"cv",20,"A-Ref",18,4.72222222222222,4.61111111111111,4.08333333333333,3.97222222222222,4.08333333333333,3.80555555555556
1,"cv",20,"A-Rlx",18,2.61111111111111,2.55555555555556,4.08333333333333,3.97222222222222,4.08333333333333,3.80555555555556
1,"cv",20,"A-Des",18,9.88888888888889,9.77777777777778,10.5,10.5,10.5,10.5
1,"cv",20,"ScL",18,9.05555555555556,9.05555555555556,4.83333333333333,4.77777777777778,4.83333333333333,5
1,"cv",25,"L",18,4.72222222222222,4.72222222222222,8,7.83333333333333,8,7.83333333333333
1,"cv",25,"L-Th",18,5.11111111111111,5.94444444444444,1.86111111111111,2.38888888888889,1.86111111111111,2.44444444444444
1,"cv",25,"L-Ref",18,8.33333333333333,8.38888888888889,8,7.83333333333333,8,7.83333333333333
1,"cv",25,"L-Rlx",18,5.94444444444444,5.88888888888889,8,7.83333333333333,8,7.83333333333333
1,"cv",25,"L-Des",18,10.5555555555556,10.5,10.5,10.5,10.5,10.5
1,"cv",25,"A",18,2.5,2.25,4.02777777777778,3.91666666666667,4.02777777777778,3.94444444444444
1,"cv",25,"A-Th",18,2.05555555555556,2.52777777777778,2.44444444444444,2.47222222222222,2.44444444444444,2.38888888888889
1,"cv",25,"A-Ref",18,4.88888888888889,4.5,4.02777777777778,3.91666666666667,4.02777777777778,3.94444444444444
1,"cv",25,"A-Rlx",18,3.05555555555556,2.44444444444444,4.02777777777778,3.91666666666667,4.02777777777778,3.94444444444444
1,"cv",25,"A-Des",18,9.88888888888889,9.83333333333333,10.5,10.5,10.5,10.5
1,"cv",25,"ScL",18,8.94444444444444,9,4.61111111111111,4.88888888888889,4.61111111111111,4.83333333333333
1,"cv",30,"L",18,4.5,4.55555555555556,8,7.61111111111111,8,7.61111111111111
1,"cv",30,"L-Th",18,5.27777777777778,5.88888888888889,2,2.38888888888889,2,2.61111111111111
1,"cv",30,"L-Ref",18,8.38888888888889,8.27777777777778,8,7.61111111111111,8,7.61111111111111
1,"cv",30,"L-Rlx",18,5.66666666666667,5.77777777777778,8,7.61111111111111,8,7.61111111111111
1,"cv",30,"L-Des",18,10.5555555555556,10.4444444444444,10.5,10.5,10.5,10.4444444444444
1,"cv",30,"A",18,2.80555555555556,2.19444444444444,4.02777777777778,4.19444444444444,4.02777777777778,4.13888888888889
1,"cv",30,"A-Th",18,2.30555555555556,2.47222222222222,2.30555555555556,2.47222222222222,2.30555555555556,2.63888888888889
1,"cv",30,"A-Ref",18,5.05555555555556,4.72222222222222,4.02777777777778,4.19444444444444,4.02777777777778,4.13888888888889
1,"cv",30,"A-Rlx",18,2.88888888888889,2.83333333333333,4.02777777777778,4.19444444444444,4.02777777777778,4.13888888888889
1,"cv",30,"A-Des",18,9.88888888888889,9.88888888888889,10.5,10.5,10.5,10.4444444444444
1,"cv",30,"ScL",18,8.66666666666667,8.94444444444444,4.61111111111111,4.72222222222222,4.61111111111111,4.61111111111111
2,"theory",5,"L",18,7.05555555555556,6.11111111111111,6.19444444444444,6.11111111111111,6.19444444444444,6.11111111111111
2,"theory",5,"L-Th",18,6.27777777777778,5.94444444444444,2.30555555555556,2.30555555555556,2.30555555555556,2.30555555555556
2,"theory",5,"L-Ref",18,1.83333333333333,2.38888888888889,6.19444444444444,6.11111111111111,6.19444444444444,6.11111111111111
2,"theory",5,"L-Rlx",18,2.27777777777778,2.94444444444444,6.19444444444444,6.11111111111111,6.19444444444444,6.11111111111111
2,"theory",5,"L-Des",18,5.05555555555556,5.16666666666667,10.5,10.2222222222222,10.5,9.83333333333333
2,"theory",5,"A",18,10.25,10.2222222222222,4.13888888888889,4.25,4.13888888888889,4.47222222222222
2,"theory",5,"A-Th",18,10.75,10.7777777777778,5.16666666666667,5.61111111111111,5.16666666666667,5.72222222222222
2,"theory",5,"A-Ref",18,4.11111111111111,5.05555555555556,4.13888888888889,4.25,4.13888888888889,4.47222222222222
2,"theory",5,"A-Rlx",18,9,8.33333333333333,4.13888888888889,4.25,4.13888888888889,4.47222222222222
2,"theory",5,"A-Des",18,5.05555555555556,5.05555555555556,10.5,10.2222222222222,10.5,9.83333333333333
2,"theory",5,"ScL",18,4.33333333333333,4,6.52777777777778,6.55555555555556,6.52777777777778,6.55555555555556
2,"theory",10,"L",18,6.33333333333333,5.44444444444444,5.75,5.52777777777778,5.75,5.47222222222222
2,"theory",10,"L-Th",18,5.88888888888889,5.72222222222222,2.19444444444444,2.36111111111111,2.19444444444444,2.36111111111111
2,"theory",10,"L-Ref",18,1.83333333333333,2.16666666666667,5.75,5.52777777777778,5.75,5.47222222222222
2,"theory",10,"L-Rlx",18,2.05555555555556,2.11111111111111,5.75,5.52777777777778,5.75,5.47222222222222
2,"theory",10,"L-Des",18,5.66666666666667,5.83333333333333,10.5,10.2222222222222,10.5,9.5
2,"theory",10,"A",18,10.1388888888889,10.1388888888889,4.55555555555556,4.83333333333333,4.55555555555556,5.16666666666667
2,"theory",10,"A-Th",18,10.8611111111111,10.8611111111111,6.22222222222222,6.47222222222222,6.22222222222222,7.13888888888889
2,"theory",10,"A-Ref",18,5.38888888888889,5.38888888888889,4.55555555555556,4.83333333333333,4.55555555555556,5.16666666666667
2,"theory",10,"A-Rlx",18,8.44444444444444,8.44444444444444,4.55555555555556,4.83333333333333,4.55555555555556,5.16666666666667
2,"theory",10,"A-Des",18,5.33333333333333,5.94444444444444,10.5,10.2222222222222,10.5,9.5
2,"theory",10,"ScL",18,4.05555555555556,3.94444444444444,5.66666666666667,5.63888888888889,5.66666666666667,5.58333333333333
2,"theory",15,"L",18,5.38888888888889,5.16666666666667,5.80555555555556,5.44444444444444,5.80555555555556,5.44444444444444
2,"theory",15,"L-Th",18,5.5,5.83333333333333,2.25,2.33333333333333,2.25,2.38888888888889
2,"theory",15,"L-Ref",18,1.72222222222222,1.72222222222222,5.80555555555556,5.44444444444444,5.80555555555556,5.44444444444444
2,"theory",15,"L-Rlx",18,2.05555555555556,1.88888888888889,5.80555555555556,5.44444444444444,5.80555555555556,5.44444444444444
2,"theory",15,"L-Des",18,5.94444444444444,5.94444444444444,10.5,10.2222222222222,10.5,9.44444444444444
2,"theory",15,"A",18,10.1111111111111,10.0555555555556,4.58333333333333,5.08333333333333,4.58333333333333,5.41666666666667
2,"theory",15,"A-Th",18,10.8888888888889,10.8888888888889,6.52777777777778,6.80555555555556,6.52777777777778,7.36111111111111
2,"theory",15,"A-Ref",18,5.44444444444444,5.61111111111111,4.58333333333333,5.08333333333333,4.58333333333333,5.41666666666667
2,"theory",15,"A-Rlx",18,8.61111111111111,8.66666666666667,4.58333333333333,5.08333333333333,4.58333333333333,5.41666666666667
2,"theory",15,"A-Des",18,5.72222222222222,5.72222222222222,10.5,10.2222222222222,10.5,9.44444444444444
2,"theory",15,"ScL",18,4.61111111111111,4.5,5.05555555555556,4.83333333333333,5.05555555555556,4.77777777777778
2,"theory",20,"L",18,4.88888888888889,4.61111111111111,4.88888888888889,4.88888888888889,4.88888888888889,4.83333333333333
2,"theory",20,"L-Th",18,5.11111111111111,5.5,2.05555555555556,2.22222222222222,2.05555555555556,2.22222222222222
2,"theory",20,"L-Ref",18,1.16666666666667,1.38888888888889,4.88888888888889,4.88888888888889,4.88888888888889,4.83333333333333
2,"theory",20,"L-Rlx",18,2.05555555555556,1.83333333333333,4.88888888888889,4.88888888888889,4.88888888888889,4.83333333333333
2,"theory",20,"L-Des",18,5.77777777777778,5.77777777777778,10.5,9.55555555555556,10.5,8.77777777777778
2,"theory",20,"A",18,9.97222222222222,10.0833333333333,5.47222222222222,5.91666666666667,5.47222222222222,6.30555555555556
2,"theory",20,"A-Th",18,10.8055555555556,10.9166666666667,7.41666666666667,7.86111111111111,7.41666666666667,8.58333333333333
2,"theory",20,"A-Ref",18,7.44444444444444,7,5.47222222222222,5.91666666666667,5.47222222222222,6.30555555555556
2,"theory",20,"A-Rlx",18,8.72222222222222,8.94444444444444,5.47222222222222,5.91666666666667,5.47222222222222,6.30555555555556
2,"theory",20,"A-Des",18,5.44444444444444,5.33333333333333,10.5,9.55555555555556,10.5,8.77777777777778
2,"theory",20,"ScL",18,4.61111111111111,4.61111111111111,4.44444444444444,4.38888888888889,4.44444444444444,4.22222222222222
2,"theory",25,"L",18,4.72222222222222,4.5,4.72222222222222,4.55555555555556,4.72222222222222,4.55555555555556
2,"theory",25,"L-Th",18,5.05555555555556,5.55555555555556,2.25,2.41666666666667,2.25,2.41666666666667
2,"theory",25,"L-Ref",18,1.22222222222222,1.44444444444444,4.72222222222222,4.55555555555556,4.72222222222222,4.55555555555556
2,"theory",25,"L-Rlx",18,2,1.77777777777778,4.72222222222222,4.55555555555556,4.72222222222222,4.55555555555556
2,"theory",25,"L-Des",18,5.94444444444444,6.16666666666667,10.5,9.5,10.5,8.88888888888889
2,"theory",25,"A",18,9.75,9.91666666666667,5.5,6.11111111111111,5.5,6.33333333333333
2,"theory",25,"A-Th",18,10.6944444444444,10.8611111111111,7.86111111111111,8.52777777777778,7.86111111111111,9.08333333333333
2,"theory",25,"A-Ref",18,7.77777777777778,7.27777777777778,5.5,6.11111111111111,5.5,6.33333333333333
2,"theory",25,"A-Rlx",18,8.55555555555556,8.72222222222222,5.5,6.11111111111111,5.5,6.33333333333333
2,"theory",25,"A-Des",18,5.83333333333333,5.38888888888889,10.5,9.5,10.5,8.88888888888889
2,"theory",25,"ScL",18,4.44444444444444,4.38888888888889,4.22222222222222,4.05555555555556,4.22222222222222,4.05555555555556
2,"theory",30,"L",18,4.66666666666667,4.55555555555556,4.38888888888889,4.38888888888889,4.38888888888889,4.33333333333333
2,"theory",30,"L-Th",18,5,5.33333333333333,2.16666666666667,2.5,2.16666666666667,2.5
2,"theory",30,"L-Ref",18,1.16666666666667,1.33333333333333,4.38888888888889,4.38888888888889,4.38888888888889,4.33333333333333
2,"theory",30,"L-Rlx",18,1.94444444444444,1.77777777777778,4.38888888888889,4.38888888888889,4.38888888888889,4.33333333333333
2,"theory",30,"L-Des",18,6.22222222222222,6.16666666666667,10.5,9.27777777777778,10.5,8.72222222222222
2,"theory",30,"A",18,9.63888888888889,9.91666666666667,5.91666666666667,6.47222222222222,5.91666666666667,6.75
2,"theory",30,"A-Th",18,10.6388888888889,10.8611111111111,7.91666666666667,8.52777777777778,7.91666666666667,9.13888888888889
2,"theory",30,"A-Ref",18,8.22222222222222,7.55555555555556,5.91666666666667,6.47222222222222,5.91666666666667,6.75
2,"theory",30,"A-Rlx",18,8.55555555555556,8.72222222222222,5.91666666666667,6.47222222222222,5.91666666666667,6.75
2,"theory",30,"A-Des",18,5.66666666666667,5.5,10.5,9.27777777777778,10.5,8.72222222222222
2,"theory",30,"ScL",18,4.27777777777778,4.27777777777778,4,3.83333333333333,4,3.66666666666667
2,"cv",5,"L",18,7.61111111111111,6.33333333333333,8,8,8,8
2,"cv",5,"L-Th",18,6.27777777777778,6.44444444444444,3.69444444444444,3.61111111111111,3.69444444444444,3.61111111111111
2,"cv",5,"L-Ref",18,7.61111111111111,7.77777777777778,8,8,8,8
2,"cv",5,"L-Rlx",18,5.16666666666667,5.11111111111111,8,8,8,8
2,"cv",5,"L-Des",18,10.5555555555556,9.72222222222222,10.5,10.5,10.5,10.5
2,"cv",5,"A",18,3.25,3.16666666666667,2.97222222222222,3.02777777777778,2.97222222222222,3.02777777777778
2,"cv",5,"A-Th",18,3.08333333333333,3.16666666666667,2.63888888888889,2.63888888888889,2.63888888888889,2.63888888888889
2,"cv",5,"A-Ref",18,2.05555555555556,3.66666666666667,2.97222222222222,3.02777777777778,2.97222222222222,3.02777777777778
2,"cv",5,"A-Rlx",18,1.72222222222222,2.77777777777778,2.97222222222222,3.02777777777778,2.97222222222222,3.02777777777778
2,"cv",5,"A-Des",18,9.66666666666667,9.5,10.5,10.5,10.5,10.5
2,"cv",5,"ScL",18,9,8.33333333333333,5.75,5.66666666666667,5.75,5.66666666666667
2,"cv",10,"L",18,6.61111111111111,6.5,8,8,8,8
2,"cv",10,"L-Th",18,5.44444444444444,5.27777777777778,3.36111111111111,3.36111111111111,3.36111111111111,3.36111111111111
2,"cv",10,"L-Ref",18,8.33333333333333,8.38888888888889,8,8,8,8
2,"cv",10,"L-Rlx",18,6.16666666666667,6.33333333333333,8,8,8,8
2,"cv",10,"L-Des",18,10.6111111111111,10.6111111111111,10.5,10.5,10.5,10.5
2,"cv",10,"A",18,2.75,2.52777777777778,3.22222222222222,3.22222222222222,3.22222222222222,3.22222222222222
2,"cv",10,"A-Th",18,2.25,2.47222222222222,2.41666666666667,2.41666666666667,2.41666666666667,2.41666666666667
2,"cv",10,"A-Ref",18,3.61111111111111,3.72222222222222,3.22222222222222,3.22222222222222,3.22222222222222,3.22222222222222
2,"cv",10,"A-Rlx",18,1.66666666666667,2.11111111111111,3.22222222222222,3.22222222222222,3.22222222222222,3.22222222222222
2,"cv",10,"A-Des",18,9.72222222222222,9.72222222222222,10.5,10.5,10.5,10.5
2,"cv",10,"ScL",18,8.83333333333333,8.33333333333333,5.55555555555556,5.55555555555556,5.55555555555556,5.55555555555556
2,"cv",15,"L",18,6.5,6.16666666666667,8,8,8,8
2,"cv",15,"L-Th",18,5.05555555555556,5.5,2.44444444444444,2.44444444444444,2.44444444444444,2.44444444444444
2,"cv",15,"L-Ref",18,8.66666666666667,8.38888888888889,8,8,8,8
2,"cv",15,"L-Rlx",18,6.27777777777778,6.33333333333333,8,8,8,8
2,"cv",15,"L-Des",18,10.6666666666667,10.6666666666667,10.5,10.5,10.5,10.5
2,"cv",15,"A",18,2.61111111111111,2.55555555555556,3.52777777777778,3.52777777777778,3.52777777777778,3.52777777777778
2,"cv",15,"A-Th",18,2.16666666666667,2.33333333333333,2.36111111111111,2.36111111111111,2.36111111111111,2.36111111111111
2,"cv",15,"A-Ref",18,3.83333333333333,3.11111111111111,3.52777777777778,3.52777777777778,3.52777777777778,3.52777777777778
2,"cv",15,"A-Rlx",18,1.55555555555556,2.16666666666667,3.52777777777778,3.52777777777778,3.52777777777778,3.52777777777778
2,"cv",15,"A-Des",18,9.66666666666667,9.66666666666667,10.5,10.5,10.5,10.5
2,"cv",15,"ScL",18,9,9.11111111111111,5.61111111111111,5.61111111111111,5.61111111111111,5.61111111111111
2,"cv",20,"L",18,5.77777777777778,5.66666666666667,8,8,8,8
2,"cv",20,"L-Th",18,4.77777777777778,5.38888888888889,2.27777777777778,2.27777777777778,2.27777777777778,2.27777777777778
2,"cv",20,"L-Ref",18,8.33333333333333,8.44444444444444,8,8,8,8
2,"cv",20,"L-Rlx",18,6.44444444444444,6.11111111111111,8,8,8,8
2,"cv",20,"L-Des",18,10.6111111111111,10.5555555555556,10.5,10.5,10.5,10.5
2,"cv",20,"A",18,2.66666666666667,2.44444444444444,3.75,3.75,3.75,3.75
2,"cv",20,"A-Th",18,2,2.55555555555556,2.33333333333333,2.33333333333333,2.33333333333333,2.33333333333333
2,"cv",20,"A-Ref",18,4.33333333333333,3.77777777777778,3.75,3.75,3.75,3.75
2,"cv",20,"A-Rlx",18,2,2.11111111111111,3.75,3.75,3.75,3.75
2,"cv",20,"A-Des",18,9.72222222222222,9.66666666666667,10.5,10.5,10.5,10.5
2,"cv",20,"ScL",18,9.33333333333333,9.27777777777778,5.13888888888889,5.13888888888889,5.13888888888889,5.13888888888889
2,"cv",25,"L",18,5.5,5.61111111111111,8,8,8,8
2,"cv",25,"L-Th",18,4.66666666666667,5.22222222222222,2.13888888888889,2.13888888888889,2.13888888888889,2.13888888888889
2,"cv",25,"L-Ref",18,8.44444444444444,8.38888888888889,8,8,8,8
2,"cv",25,"L-Rlx",18,6.61111111111111,6.38888888888889,8,8,8,8
2,"cv",25,"L-Des",18,10.6111111111111,10.6111111111111,10.5,10.5,10.5,10.5
2,"cv",25,"A",18,2.69444444444444,2.88888888888889,3.86111111111111,3.86111111111111,3.86111111111111,3.86111111111111
2,"cv",25,"A-Th",18,2.08333333333333,2.55555555555556,2.27777777777778,2.27777777777778,2.27777777777778,2.27777777777778
2,"cv",25,"A-Ref",18,4.38888888888889,3.5,3.86111111111111,3.86111111111111,3.86111111111111,3.86111111111111
2,"cv",25,"A-Rlx",18,2.05555555555556,1.88888888888889,3.86111111111111,3.86111111111111,3.86111111111111,3.86111111111111
2,"cv",25,"A-Des",18,9.72222222222222,9.72222222222222,10.5,10.5,10.5,10.5
2,"cv",25,"ScL",18,9.22222222222222,9.22222222222222,5,5,5,5
2,"cv",30,"L",18,5.38888888888889,5.44444444444444,8,8,8,8
2,"cv",30,"L-Th",18,4.55555555555556,4.94444444444444,1.91666666666667,1.91666666666667,1.91666666666667,2.13888888888889
2,"cv",30,"L-Ref",18,8.44444444444444,8.44444444444444,8,8,8,8
2,"cv",30,"L-Rlx",18,6.44444444444444,6.27777777777778,8,8,8,8
2,"cv",30,"L-Des",18,10.6111111111111,10.5555555555556,10.5,10.5,10.5,10.5
2,"cv",30,"A",18,2.77777777777778,2.36111111111111,4.08333333333333,3.97222222222222,4.08333333333333,3.91666666666667
2,"cv",30,"A-Th",18,2.22222222222222,2.30555555555556,2.08333333333333,2.19444444444444,2.08333333333333,2.13888888888889
2,"cv",30,"A-Ref",18,4.5,4.27777777777778,4.08333333333333,3.97222222222222,4.08333333333333,3.91666666666667
2,"cv",30,"A-Rlx",18,2.16666666666667,2.5,4.08333333333333,3.97222222222222,4.08333333333333,3.91666666666667
2,"cv",30,"A-Des",18,9.83333333333333,9.77777777777778,10.5,10.5,10.5,10.5
2,"cv",30,"ScL",18,9.05555555555556,9.11111111111111,4.75,4.97222222222222,4.75,4.97222222222222
